{"small sat": {"SubsetCoverILP": [0.050115108489990234], "SubsetCoverZ3": [0.05787014961242676], "SubsetCoverZ3BruteForce": [0.03609514236450195], "SubsetCoverZ3Cardinality": [0.02299809455871582]}, "small unsat": {"SubsetCoverILP": [0.05403017997741699], "SubsetCoverZ3": [0.03485107421875], "SubsetCoverZ3BruteForce": [0.03866219520568848], "SubsetCoverZ3Cardinality": [0.02430891990661621]}, "large sat": {"SubsetCoverILP": [1.878450870513916], "SubsetCoverZ3": [0.33196187019348145], "SubsetCoverZ3BruteForce": [0.18888115882873535], "SubsetCoverZ3Cardinality": [0.23833703994750977]}, "large unsat": {"SubsetCoverILP": [0.22559309005737305], "SubsetCoverZ3": [0.3156700134277344], "SubsetCoverZ3BruteForce": [0.3146061897277832], "SubsetCoverZ3Cardinality": [0.03192281723022461]}, "sat search from below": {"SubsetCoverILP": [0.0011010169982910156, 0.005734920501708984, 0.052533626556396484, 0.6598000526428223, 7.897944927215576, 153.5759551525116, 0.11618804931640625, 0.06851506233215332, 0.11843204498291016, 0.04727602005004883, 0.05245685577392578, 0.03806304931640625, 0.029211997985839844, 0.030215978622436523, 0.037866830825805664, 0.03249192237854004, 0.03476285934448242, 0.05443406105041504, 0.08348417282104492], "SubsetCoverZ3": [0.015799999237060547, 0.03931999206542969, 0.04446291923522949, 0.06860613822937012, 0.18434405326843262, 0.3272998332977295, 0.0905299186706543, 0.17694306373596191, 0.11798501014709473, 0.13202929496765137, 0.13828682899475098, 0.16307306289672852, 0.16906976699829102, 0.1894819736480713, 0.23944711685180664, 0.3029189109802246, 0.23560118675231934, 0.2655918598175049, 0.272258996963501], "SubsetCoverZ3BruteForce": [0.050115108489990234, 0.05942511558532715, 0.08118581771850586, 0.16608381271362305, 0.31679701805114746, 0.31397390365600586, 0.17219305038452148, 0.2162930965423584, 0.15428781509399414, 0.052278757095336914, 0.06577777862548828, 0.06091904640197754, 0.047840118408203125, 0.0483548641204834, 0.06177210807800293, 0.05070781707763672, 0.055783987045288086, 0.052551984786987305, 0.048539161682128906], "SubsetCoverZ3Cardinality": [0.016407012939453125, 0.01955890655517578, 0.020997047424316406, 0.03070998191833496, 0.1735379695892334, 0.31288814544677734, 0.03371119499206543, 0.029877901077270508, 0.030089139938354492, 0.031700849533081055, 0.03457832336425781, 0.03500699996948242, 0.03765702247619629, 0.03567385673522949, 0.03663897514343262, 0.04147005081176758, 0.04051923751831055, 0.04225587844848633, 0.041895151138305664]}}