{"small sat": {"SubsetCoverILP": [0.02322673797607422], "SubsetCoverZ3Integer": [0.0452122688293457], "SubsetCoverZ3BruteForce": [0.015696048736572266], "SubsetCoverZ3Cardinality": [0.018423795700073242]}, "small unsat": {"SubsetCoverILP": [0.04574012756347656], "SubsetCoverZ3Integer": [0.024442672729492188], "SubsetCoverZ3BruteForce": [0.01634502410888672], "SubsetCoverZ3Cardinality": [0.01833629608154297]}, "large sat": {"SubsetCoverILP": [2.2845041751861572], "SubsetCoverZ3Integer": [0.3099489212036133], "SubsetCoverZ3BruteForce": [0.03325295448303223], "SubsetCoverZ3Cardinality": [0.2517690658569336]}, "large unsat": {"SubsetCoverILP": [0.42402029037475586], "SubsetCoverZ3Integer": [0.3129599094390869], "SubsetCoverZ3BruteForce": [0.3132197856903076], "SubsetCoverZ3Cardinality": [0.09542393684387207]}, "sat search n=7": {"SubsetCoverILP": [0.001277923583984375, 0.004679203033447266, 0.13036227226257324, 1.234302043914795, 5.717057943344116, 147.05719590187073, 0.10373592376708984, 0.07043576240539551, 0.1042640209197998, 0.04899191856384277, 0.054473876953125, 0.03681683540344238, 0.03504824638366699, 0.027946949005126953, 0.039927005767822266, 0.03867483139038086, 0.03476285934448242, 0.057663917541503906, 0.0781850814819336], "SubsetCoverZ3Integer": [0.024078845977783203, 0.0433201789855957, 0.10880112648010254, 0.19241094589233398, 0.1263728141784668, 0.31080102920532227, 0.08135509490966797, 0.14679312705993652, 0.10530591011047363, 0.12265205383300781, 0.12859582901000977, 0.1385948657989502, 0.16406607627868652, 0.17356419563293457, 0.20093202590942383, 0.2218010425567627, 0.22755718231201172, 0.24553203582763672, 0.26905107498168945], "SubsetCoverZ3BruteForce": [0.03705310821533203, 0.01973700523376465, 0.04268693923950195, 0.04335474967956543, 0.054412126541137695, 0.31189823150634766, 0.031145095825195312, 0.02907586097717285, 0.021749019622802734, 0.021105051040649414, 0.02359795570373535, 0.020750999450683594, 0.027159929275512695, 0.023214101791381836, 0.02242302894592285, 0.02258014678955078, 0.021820068359375, 0.021453142166137695, 0.02833390235900879], "SubsetCoverZ3Cardinality": [0.04309892654418945, 0.018770933151245117, 0.03278684616088867, 0.049046993255615234, 0.11103415489196777, 0.31373095512390137, 0.03583168983459473, 0.031193017959594727, 0.028181076049804688, 0.031135082244873047, 0.03003382682800293, 0.03821110725402832, 0.03301191329956055, 0.05185198783874512, 0.03668403625488281, 0.03521370887756348, 0.04425311088562012, 0.040461063385009766, 0.039182186126708984]}, "search n=8": {"SubsetCoverILP": [0.0009779930114746094, 0.004477024078369141, 0.0633857250213623, 0.6455981731414795, 4.69848895072937, 84.17455101013184, 300.0011999607086, 300.0009799003601, 300.00220108032227, 300.0010199546814, 4.3261330127716064, 3.1417131423950195, 0.10166621208190918, 0.09772086143493652, 0.0793771743774414, 0.08535385131835938, 0.08611083030700684, 0.114501953125, 0.12384772300720215], "SubsetCoverZ3Integer": [0.016160011291503906, 0.04568815231323242, 0.07420897483825684, 0.10036492347717285, 0.26398801803588867, 0.3145742416381836, 0.4975600242614746, 0.37725210189819336, 0.32441282272338867, 0.31441617012023926, 0.31693410873413086, 0.3140110969543457, 0.25495433807373047, 0.30982398986816406, 0.30030298233032227, 0.3138458728790283, 0.3156721591949463, 0.31473517417907715, 0.3116922378540039], "SubsetCoverZ3BruteForce": [0.024813175201416016, 0.023866891860961914, 0.027491092681884766, 0.05381298065185547, 0.3135838508605957, 0.3117029666900635, 0.3294839859008789, 0.31406378746032715, 0.31239914894104004, 0.3111276626586914, 0.06328201293945312, 0.027952194213867188, 0.026357173919677734, 0.03182578086853027, 0.024229049682617188, 0.022713899612426758, 0.024087190628051758, 0.0242311954498291, 0.022543907165527344], "SubsetCoverZ3Cardinality": [0.017986059188842773, 0.023051023483276367, 0.026615142822265625, 0.03925490379333496, 0.31937599182128906, 0.3126227855682373, 0.3375980854034424, 0.31006884574890137, 0.31406092643737793, 0.31070494651794434, 0.03708314895629883, 0.03972601890563965, 0.03708386421203613, 0.035578012466430664, 0.04315066337585449, 0.03740811347961426, 0.04275989532470703, 0.04162311553955078, 0.04343080520629883]}}