{"small sat": {"SubsetCoverILP": [0.035323143005371094], "SubsetCoverZ3": [0.057428836822509766], "SubsetCoverZ3BruteForce": [0.03686928749084473]}, "small unsat": {"SubsetCoverILP": [0.059615135192871094], "SubsetCoverZ3": [0.05062413215637207], "SubsetCoverZ3BruteForce": [0.038079023361206055]}, "large sat": {"SubsetCoverILP": [1.919517993927002], "SubsetCoverZ3": [18.504345893859863], "SubsetCoverZ3BruteForce": [0.19359397888183594]}, "large unsat": {"SubsetCoverILP": [0.1879422664642334], "SubsetCoverZ3": [0.3991708755493164], "SubsetCoverZ3BruteForce": [24.62543797492981]}, "sat search from below": {"SubsetCoverILP": [0.001734018325805664, 0.004291057586669922, 0.056249141693115234, 1.0152180194854736, 7.5102338790893555, 0.08888983726501465, 0.05634927749633789, 0.05048227310180664, 0.04969310760498047, 0.04524707794189453, 0.0559077262878418, 0.0719308853149414, 0.07165694236755371, 0.08190202713012695, 0.08551764488220215, 0.07636618614196777, 0.0985867977142334, 0.07415604591369629, 0.08097100257873535], "SubsetCoverZ3": [0.018292903900146484, 0.05086803436279297, 0.059287071228027344, 0.06525683403015137, 0.12760090827941895, 0.07214593887329102, 0.08147811889648438, 0.1018669605255127, 0.10149812698364258, 0.1285080909729004, 0.14620184898376465, 0.15086793899536133, 0.16905903816223145, 0.18685126304626465, 0.22077608108520508, 0.22285890579223633, 0.22998499870300293, 0.2521798610687256, 0.3056640625], "SubsetCoverZ3BruteForce": [0.033065080642700195, 0.03291916847229004, 0.031084060668945312, 0.03350400924682617, 0.03829216957092285, 0.032286882400512695, 0.02310013771057129, 0.026042938232421875, 0.027582406997680664, 0.025496959686279297, 0.024051189422607422, 0.024260997772216797, 0.024693012237548828, 0.021953105926513672, 0.0244140625, 0.029912233352661133, 0.023013830184936523, 0.02597808837890625, 0.0343480110168457]}, "unsat search from above": {"SubsetCoverILP": [0.13131189346313477, 0.10056710243225098, 0.0947420597076416, 0.08756518363952637, 0.10024905204772949, 0.06573319435119629, 0.08068704605102539, 0.07284903526306152, 0.08819198608398438, 0.06461119651794434, 0.08361005783081055, 0.08085393905639648, 0.07105088233947754, 0.07323002815246582, 0.05335593223571777], "SubsetCoverZ3": [0.3951430320739746, 0.40628790855407715, 0.41101598739624023, 0.37377500534057617, 0.33943819999694824, 0.28657007217407227, 0.26882505416870117, 0.26102423667907715, 0.23204684257507324, 0.21522903442382812, 0.20125293731689453, 0.18421506881713867, 0.17265820503234863, 0.15134501457214355, 0.13782382011413574], "SubsetCoverZ3BruteForce": [0.023194074630737305, 0.024572134017944336, 0.02747511863708496, 0.025040864944458008, 0.02987194061279297, 0.021783113479614258, 0.024541854858398438, 0.02525496482849121, 0.030025005340576172, 0.02367711067199707, 0.020167112350463867, 0.021142005920410156, 0.020141124725341797, 0.021162033081054688, 0.02334427833557129]}}